destination,days,trip_type,travelers,total_cost,transport_cost,accommodation_cost,food_cost,activities_cost
Sydney,17,Budget,3,5189.38,1241.13,1401.11,1135.89,1411.26
Bali,4,Luxury,4,3471.17,1172.25,868.33,1037.3,393.29
Paris,14,Standard,1,2357.18,419.34,727.02,483.11,727.7
Delhi,14,Standard,4,3023.96,811.88,784.08,729.17,698.82
Bali,9,Budget,2,737.07,124.96,285.13,159.22,167.75
Sydney,10,Budget,3,3255.03,1080.23,982.22,811.73,380.84
Tokyo,8,Standard,6,6534.3,2053.04,2417.84,1736.7,326.72
London,18,Standard,6,17790.26,3365.86,4608.49,3536.7,6279.22
Goa,20,Budget,5,4276.49,1160.67,1305.18,831.53,979.11
Vienna,9,Budget,1,638.12,194.27,184.89,96.25,162.71
Berlin,19,Luxury,3,14656.84,4655.5,5279.76,3988.74,732.84
Barcelona,3,Standard,6,2797.59,601.58,1107.62,687.18,401.2
New York,5,Budget,5,2149.84,432.58,554.84,551.65,610.77
Amsterdam,9,Budget,1,804.69,171.3,283.02,230.25,120.12
Kuala Lumpur,15,Luxury,3,7833.66,2554.51,2936.61,1522.43,820.11
Bali,14,Standard,4,5662.74,1321.13,2416.04,1124.91,800.66
Kuala Lumpur,9,Budget,6,1817.25,427.82,751.62,507.21,130.6
Sydney,10,Standard,3,5102.06,1191.24,1502.16,857.04,1551.62
Prague,11,Luxury,4,8225.97,2817.31,2470.72,1847.45,1090.49
Bangalore,19,Budget,1,657.57,133.72,292.83,139.18,91.84
Kuala Lumpur,3,Budget,1,95.95,23.78,42.9,17.88,11.39
London,13,Luxury,3,11690.96,2319.86,4800.63,2578.38,1992.08
Tokyo,13,Standard,1,2219.31,641.74,935.82,441.41,200.34
London,5,Luxury,3,3938.1,865.33,1060.27,1146.3,866.2
Rome,20,Luxury,1,6582.13,1262.55,2358.31,1674.28,1286.99
Sydney,18,Standard,1,3664.43,928.3,1107.27,1097.27,531.6
Prague,7,Budget,3,955.28,266.48,385.23,255.8,47.76
Singapore,13,Budget,1,907.93,165.54,390.15,218.78,133.46
New York,5,Standard,1,1279.87,358.86,377.37,328.7,214.92
Paris,18,Standard,4,11567.61,2582.97,4613.56,2986.07,1385.0
Paris,16,Luxury,6,28466.92,9119.76,10447.66,7476.15,1423.35
Paris,3,Luxury,5,4730.28,927.31,1654.83,1115.4,1032.73
Bangalore,14,Budget,4,1435.72,437.2,534.69,392.05,71.79
Bangalore,5,Standard,4,1348.94,432.47,416.67,280.26,219.53
Kuala Lumpur,5,Budget,2,387.28,112.0,140.97,63.74,70.56
Delhi,4,Standard,3,851.65,178.04,267.85,236.16,169.59
Barcelona,18,Luxury,5,21059.03,4237.95,7840.33,3416.6,5564.15
Sydney,6,Budget,5,2126.75,401.65,561.86,445.59,717.65
Mumbai,17,Luxury,4,6249.88,1777.5,1972.65,1082.83,1416.9
Singapore,19,Standard,4,14820.6,2338.2,4604.06,3417.07,4461.26
Dubai,10,Budget,5,4135.46,781.09,1374.09,1054.24,926.04
Rome,20,Budget,4,5863.89,1717.64,1514.13,1230.38,1401.73
Kerala,7,Standard,2,990.33,182.87,278.57,185.72,343.17
Singapore,10,Budget,5,4996.78,1029.27,2203.45,1302.58,461.48
Dubai,5,Standard,4,2302.9,400.78,733.19,377.15,791.79
Delhi,16,Budget,6,3475.4,1010.41,1198.44,572.31,694.24
Goa,9,Budget,4,1385.45,318.24,517.01,339.8,210.4
Tokyo,12,Luxury,2,6827.79,2298.83,2391.15,1576.58,561.23
Vienna,4,Luxury,1,1093.67,339.25,421.54,258.11,74.78
Paris,13,Budget,5,5922.46,1629.79,2452.4,1467.13,373.14
Berlin,15,Budget,4,4064.38,667.52,1275.38,1124.74,996.73
Tokyo,11,Luxury,4,13961.56,4029.0,4463.06,4055.8,1413.71
Seoul,6,Budget,2,1051.47,278.83,416.73,177.86,178.05
Bangalore,7,Luxury,4,2817.81,664.44,1127.62,741.6,284.16
Barcelona,19,Standard,1,2953.68,632.12,1267.44,615.49,438.64
Prague,11,Budget,3,1655.2,278.5,519.51,484.16,373.03
Agra,17,Luxury,5,8757.43,2283.42,2561.95,2556.55,1355.52
Goa,9,Budget,5,1582.72,467.86,619.08,416.65,79.14
Dubai,13,Luxury,3,11925.47,2030.01,3181.97,3042.73,3670.76
Amsterdam,20,Budget,3,5777.67,1682.74,1538.42,940.18,1616.34
Kerala,3,Budget,6,642.41,196.21,232.35,137.24,76.61
Kerala,5,Luxury,5,3871.93,589.58,1330.91,613.49,1337.95
Rome,11,Budget,1,688.35,158.35,237.86,111.81,180.33
Paris,8,Standard,2,2674.17,407.63,1187.26,418.44,660.84
Bali,13,Standard,4,4748.57,1632.85,1683.94,1160.6,271.19
Mumbai,3,Luxury,5,1591.29,460.49,520.1,414.63,196.06
Berlin,18,Standard,6,17216.98,3537.68,4952.02,3780.07,4947.21
Jaipur,11,Budget,4,1159.96,395.59,443.88,262.49,58.0
Paris,15,Budget,4,4334.66,716.26,1899.04,921.1,798.26
Dubai,4,Luxury,2,2104.41,708.23,890.61,329.93,175.63
Kuala Lumpur,3,Budget,2,156.04,49.12,59.75,39.37,7.8
Tokyo,5,Budget,1,541.39,82.69,143.51,137.38,177.81
Dubai,7,Luxury,6,12053.58,3558.51,4838.5,2491.21,1165.36
Bali,11,Standard,6,6659.53,1333.83,2030.8,1205.94,2088.97
Paris,10,Budget,2,1401.31,398.41,496.15,372.53,134.21
Jaipur,14,Budget,5,2004.28,336.08,818.48,478.01,371.72
Delhi,17,Luxury,5,14557.95,2803.76,4036.54,2215.45,5502.19
Bangkok,4,Standard,2,724.27,165.46,244.44,206.87,107.51
Agra,8,Budget,1,185.4,48.85,75.21,52.06,9.27
London,19,Standard,2,7297.01,2216.71,1920.92,1144.75,2014.63
Bangkok,4,Budget,5,845.07,184.49,302.07,185.09,173.42
Goa,13,Luxury,6,9912.38,2869.97,2835.08,2522.46,1684.89
Hong Kong,5,Luxury,3,4090.28,770.84,1056.0,717.19,1546.24
Amsterdam,8,Budget,1,688.39,176.84,221.11,195.59,94.85
Bangalore,15,Standard,3,2819.38,915.5,1224.1,448.74,231.04
London,10,Budget,1,877.28,236.39,392.37,202.2,46.32
Seoul,16,Standard,2,4279.86,1258.72,1123.33,736.83,1160.99
Kerala,5,Luxury,6,5949.92,1784.52,1523.74,1666.47,975.19
Bangkok,17,Luxury,1,2405.4,632.12,1005.8,393.0,374.48
Prague,19,Budget,5,5160.52,1386.73,1991.04,1384.96,397.8
Vienna,17,Standard,4,11988.36,3585.57,4032.07,2027.68,2343.04
Barcelona,8,Budget,4,2580.88,720.54,939.84,524.99,395.51
Vienna,7,Standard,1,860.67,155.41,257.5,149.84,297.91
Berlin,11,Standard,3,3818.33,973.3,1267.99,1135.41,441.63
Bangkok,13,Standard,4,5280.18,1658.89,2078.76,1215.79,326.74
Kerala,14,Budget,5,2768.71,518.88,871.41,591.99,786.42
Paris,14,Budget,1,863.92,230.02,242.65,191.94,199.31
Berlin,3,Luxury,6,4836.93,1051.17,1339.26,771.52,1674.98
Prague,15,Standard,2,3667.9,1132.86,995.25,1018.24,521.55
Prague,16,Standard,5,6547.23,1939.12,2865.51,1160.07,582.53
New York,10,Budget,6,6478.73,2007.81,2688.84,1152.96,629.12
Kerala,16,Luxury,2,5654.8,1874.98,1771.3,1347.23,661.28
Jaipur,10,Luxury,6,7470.21,1926.99,2523.05,1767.62,1252.54
Bangalore,17,Budget,2,1333.82,345.07,575.27,324.97,88.51
Kerala,8,Standard,3,1494.17,265.74,610.82,363.1,254.5
Agra,9,Standard,3,1581.61,486.69,443.38,311.19,340.34
Dubai,3,Luxury,6,5537.98,1377.83,2220.33,916.19,1023.64
Vienna,17,Luxury,4,15268.91,3685.92,5661.58,3440.75,2480.67
Rome,17,Budget,4,5837.35,1624.12,2269.5,1350.81,592.91
Berlin,7,Luxury,4,7701.35,1434.91,3324.59,1829.14,1112.7
Rome,17,Luxury,2,9777.8,2662.4,2479.87,2745.79,1889.74
Prague,7,Budget,2,977.58,297.43,317.6,156.74,205.8
Kerala,16,Budget,1,631.34,109.0,282.19,174.14,66.01
Singapore,3,Luxury,6,6032.67,1530.9,2221.56,1265.96,1014.25
Barcelona,11,Budget,2,1306.2,336.32,566.85,263.79,139.24
Jaipur,4,Luxury,3,1082.55,260.29,319.27,235.85,267.14
Kerala,9,Standard,4,3227.52,718.05,1181.65,790.22,537.59
Jaipur,19,Budget,1,556.56,190.46,155.69,118.1,92.31
Rome,9,Budget,1,586.82,138.11,240.57,118.78,89.36
Bangalore,18,Budget,3,1433.01,233.78,580.52,312.39,306.32
Tokyo,19,Standard,2,8002.37,1365.18,2535.73,1290.99,2810.48
New York,12,Standard,3,7180.64,2001.96,2382.16,1104.44,1692.08
Jaipur,10,Luxury,1,907.95,171.8,318.78,217.23,200.13
Hong Kong,7,Luxury,3,7063.72,2313.31,2552.43,1823.3,374.67
New York,16,Standard,3,9202.83,1976.75,2460.7,2254.57,2510.82
Paris,18,Luxury,5,22717.0,7316.68,8515.47,5749.0,1135.85
Paris,7,Luxury,4,9666.43,2151.86,2482.78,2654.38,2377.4
Dubai,11,Standard,2,2845.56,916.88,836.32,842.81,249.56
Prague,12,Budget,6,4124.78,1278.56,1381.98,632.62,831.62
Mumbai,10,Budget,2,597.21,165.25,180.11,102.07,149.8
Berlin,6,Standard,2,1161.7,237.52,294.7,333.57,295.9
Bali,6,Standard,1,548.17,112.27,197.8,135.79,102.31
Prague,12,Luxury,6,13457.72,3634.98,5154.41,2372.67,2295.67
Vienna,16,Budget,2,2570.18,471.0,1021.92,417.45,659.81
London,13,Luxury,3,14990.94,3139.47,5445.92,3319.11,3086.44
Delhi,7,Standard,1,425.04,86.7,152.15,74.09,112.1
Agra,19,Luxury,6,10578.99,2315.49,3388.54,2241.89,2633.07
Berlin,9,Standard,3,4357.06,1328.31,1734.92,1075.97,217.85
Bangkok,14,Standard,3,3856.8,1249.61,1488.94,925.42,192.84
Bangalore,14,Luxury,6,10711.36,3514.51,4132.21,2529.07,535.57
Bangalore,7,Luxury,6,5915.05,1927.58,2211.23,1480.49,295.75
Barcelona,17,Budget,2,2384.05,637.5,1071.51,555.85,119.2
Singapore,9,Standard,6,8534.39,1608.9,2330.37,1820.08,2775.04
Jaipur,9,Luxury,3,2954.59,631.75,1228.47,459.59,634.78
Seoul,14,Luxury,4,16785.25,4297.91,5676.88,3536.2,3274.26
Sydney,19,Luxury,4,27154.31,8367.46,8519.68,6622.49,3644.68
Goa,12,Budget,4,1943.7,595.63,722.48,528.41,97.18
Agra,19,Budget,5,2754.58,433.9,952.96,653.15,714.57
Prague,12,Luxury,6,9690.54,2883.1,2885.41,1614.16,2307.87
Mumbai,20,Standard,4,3533.81,1035.8,1299.81,677.04,521.16
Bali,17,Standard,1,1473.76,257.74,650.34,397.47,168.2
Dubai,8,Luxury,6,11659.55,2994.59,4774.61,3307.38,582.98
Sydney,10,Luxury,4,13371.02,4226.96,3664.57,2099.81,3379.69
Hong Kong,11,Standard,1,1917.69,605.82,736.74,479.25,95.88
Singapore,19,Luxury,1,5380.74,1623.09,2094.21,931.32,732.12
New York,15,Standard,5,12359.47,3181.26,4555.55,2929.35,1693.3
Tokyo,11,Luxury,3,11236.43,1785.19,4724.23,1745.17,2981.84
Delhi,7,Budget,3,540.75,90.52,179.36,111.34,159.53
Rome,7,Luxury,2,4244.03,729.52,1820.25,1267.78,426.48
Jaipur,5,Budget,2,301.75,78.08,127.61,78.48,17.58
Seoul,18,Luxury,4,21023.91,6086.3,8115.82,5104.43,1717.36
Bangkok,7,Luxury,3,3615.67,1215.48,1218.43,1000.97,180.78
Amsterdam,13,Standard,5,8741.55,2723.69,3616.84,1963.95,437.08
Sydney,15,Standard,6,17402.74,3746.58,6299.25,2912.81,4444.1
Tokyo,5,Budget,6,3180.49,726.52,909.3,836.64,708.03
Singapore,6,Standard,3,2604.28,477.3,1052.64,667.44,406.9
Singapore,20,Budget,2,4169.79,1121.17,1362.36,666.52,1019.74
Paris,17,Standard,3,6800.99,1363.61,1701.65,1182.29,2553.44
Tokyo,6,Budget,1,645.19,135.28,269.68,171.57,68.66
Agra,13,Standard,3,1981.5,641.23,877.1,306.53,156.63
Bali,18,Luxury,5,13217.76,2707.57,5905.64,2794.24,1810.32
Bangkok,4,Luxury,5,3996.87,759.69,1693.17,1028.15,515.86
Jaipur,14,Luxury,3,5299.1,1551.01,2136.23,1346.9,264.96
New York,14,Budget,5,7479.59,2476.36,3304.39,1324.87,373.98
Delhi,16,Budget,1,440.21,115.19,129.91,76.65,118.45
Singapore,4,Standard,3,1963.66,681.14,549.66,431.4,301.47
Jaipur,17,Standard,6,7059.59,2273.36,2865.98,1100.89,819.35
Singapore,11,Luxury,1,2758.65,470.51,1004.65,421.4,862.09
Singapore,3,Standard,2,908.44,296.61,242.1,248.62,121.11
Singapore,4,Luxury,6,6357.09,1675.14,2465.87,1716.97,499.1
Tokyo,14,Standard,1,2455.17,671.05,914.77,478.33,391.02
Prague,17,Standard,3,5196.08,1282.81,1985.76,1210.43,717.09
Bangkok,5,Standard,1,386.69,114.06,142.55,95.72,34.35
Hong Kong,16,Budget,4,4448.95,1329.6,1887.99,956.74,274.63
Kerala,8,Standard,2,1028.25,265.8,358.5,166.81,237.13
Kerala,17,Luxury,1,3208.97,1020.74,914.04,943.81,330.38
Seoul,6,Budget,4,1286.42,379.56,446.82,361.5,98.54
Tokyo,9,Standard,2,3978.8,1386.32,1220.58,811.17,560.73
New York,20,Budget,5,9061.66,2656.56,3912.88,1603.48,888.73
Prague,16,Standard,2,3050.99,568.08,1284.09,682.94,515.88
Singapore,17,Budget,6,5425.06,1457.12,1533.69,1132.01,1302.25
Hong Kong,5,Standard,5,4141.12,628.65,1522.62,993.07,996.79
London,17,Budget,3,4237.19,915.99,1439.61,1061.03,820.57
Barcelona,7,Budget,4,2252.69,602.77,990.55,423.23,236.14
Singapore,13,Budget,5,5592.98,1713.45,2187.29,1213.43,478.81
Delhi,8,Luxury,4,3032.59,782.35,778.88,903.72,567.63
Barcelona,7,Luxury,4,7442.9,1450.92,2128.69,1215.3,2647.99
Paris,16,Budget,4,4753.14,853.99,2126.2,1401.07,371.87
Berlin,4,Standard,1,545.98,131.55,192.79,121.93,99.7
Prague,15,Standard,4,5680.66,1652.71,1649.5,1425.93,952.52
Jaipur,3,Budget,5,522.43,96.87,202.98,144.04,78.54
Berlin,20,Standard,2,4681.95,1280.84,1984.12,1103.03,313.96
Prague,10,Luxury,1,2098.49,405.29,801.16,438.75,453.29
Dubai,4,Budget,2,659.71,178.78,206.9,184.7,89.34
Hong Kong,11,Budget,5,5806.62,1891.23,1920.99,1155.84,838.56
Bangkok,8,Luxury,2,2734.16,826.97,1119.81,588.77,198.62
Berlin,9,Budget,1,682.34,185.57,247.48,141.29,108.0
Hong Kong,19,Budget,1,1260.82,301.19,318.9,300.15,340.58
Rome,16,Standard,2,4481.87,1127.76,1921.09,1208.93,224.09
Bali,14,Budget,5,3915.65,899.68,1433.26,900.76,681.95
Delhi,18,Luxury,6,17058.91,4337.17,7070.56,3661.34,1989.84
Goa,17,Luxury,1,3119.6,876.42,1017.04,560.2,665.95
Vienna,4,Standard,6,2327.7,481.77,724.98,629.53,491.41
New York,6,Standard,6,7093.79,2080.11,2160.24,1504.11,1349.33
Hong Kong,13,Standard,4,8451.51,2466.23,2293.53,1986.92,1704.83
Amsterdam,9,Standard,6,6479.16,1684.87,1676.05,1587.22,1531.02
Vienna,11,Luxury,2,6148.69,1427.76,2569.98,1752.4,398.55
Goa,7,Budget,4,902.21,184.92,373.99,192.68,150.63
Amsterdam,20,Budget,3,4198.55,1122.36,1190.72,1093.85,791.61
Tokyo,19,Budget,6,13561.38,2098.32,5131.55,3269.16,3062.35
Berlin,11,Standard,6,7270.05,1296.65,2216.7,1741.59,2015.11
Jaipur,12,Luxury,6,8851.99,2117.03,3495.68,1348.81,1890.48
Seoul,6,Standard,2,1719.42,523.61,520.95,424.34,250.52
London,11,Luxury,1,3375.61,659.36,1083.57,541.49,1091.19
Bangalore,7,Standard,4,2028.73,661.4,771.27,466.49,129.57
New York,8,Standard,2,2453.17,842.55,923.56,564.4,122.66
Tokyo,10,Luxury,6,22758.73,4211.74,8830.41,4099.76,5616.82
Goa,18,Standard,4,5825.67,1278.82,2231.13,1568.95,746.77
Goa,15,Standard,4,5423.03,1077.73,2084.13,889.05,1372.12
Singapore,10,Standard,1,1671.92,454.26,587.46,290.74,339.47
Mumbai,20,Budget,5,2683.07,905.25,967.95,525.42,284.46
Agra,6,Standard,2,578.5,146.44,251.0,129.9,51.16
Singapore,12,Budget,4,3587.37,1087.77,1415.23,905.0,179.37
Goa,16,Luxury,1,3007.86,645.2,765.74,520.57,1076.35
New York,16,Standard,4,14167.56,3754.87,4900.15,2791.85,2720.7
Mumbai,16,Budget,6,2931.94,926.1,919.18,858.82,227.83
Bangkok,15,Budget,5,2972.77,746.82,881.46,481.57,862.91
Prague,16,Budget,4,2695.19,641.19,730.75,663.35,659.89
Berlin,4,Standard,4,1542.06,405.39,444.66,280.29,411.72
Berlin,17,Standard,1,1561.83,368.7,443.77,251.76,497.61
Mumbai,9,Luxury,4,5305.72,1038.75,1573.3,971.59,1722.09
Agra,9,Standard,2,1082.02,190.59,462.37,235.3,193.76
New York,16,Luxury,5,34007.39,6791.82,9411.91,7236.33,10567.32
Bangkok,12,Luxury,2,3781.35,710.66,1413.43,750.69,906.57
Jaipur,20,Budget,5,2993.11,514.66,1076.3,652.97,749.19
Agra,6,Luxury,2,1304.27,280.33,518.41,288.77,216.76
Barcelona,8,Budget,2,1167.86,398.32,475.76,230.43,63.35
Paris,18,Standard,5,13919.37,2865.63,6069.73,2616.27,2367.74
Rome,13,Budget,2,1672.5,326.79,715.63,363.92,266.15
Vienna,7,Luxury,4,4919.26,1241.84,1899.06,768.64,1009.72
Hong Kong,13,Luxury,1,3659.24,765.91,1170.74,974.08,748.51
Sydney,13,Luxury,2,11183.53,1897.61,4272.79,2959.79,2053.35
Amsterdam,17,Standard,4,10466.25,2046.87,4659.55,2617.64,1142.19
New York,6,Budget,6,3732.7,754.54,984.88,1097.32,895.97
Kuala Lumpur,20,Standard,2,2529.72,871.84,933.28,598.11,126.49
Goa,13,Standard,2,2369.49,515.73,1032.19,435.26,386.31
Hong Kong,16,Luxury,4,17056.33,3492.42,7430.82,4287.92,1845.17
Kerala,19,Standard,5,7179.36,1487.43,2966.44,2004.52,720.98
Bangalore,17,Budget,2,968.42,324.85,375.56,219.59,48.42
Kuala Lumpur,13,Luxury,1,1985.31,670.0,513.47,346.88,454.96
Bali,20,Luxury,3,10112.8,2353.08,4061.67,2644.63,1053.41
New York,9,Luxury,4,12369.28,3429.48,4975.22,2152.39,1812.18
Amsterdam,18,Standard,1,2918.35,599.96,842.79,822.89,652.71
Tokyo,12,Luxury,5,22076.13,6548.1,8238.75,3934.05,3355.24
Barcelona,11,Budget,4,3632.97,1155.26,1513.26,550.96,413.49
Hong Kong,13,Standard,3,6317.76,2011.54,2173.71,1423.44,709.07
London,6,Luxury,4,6899.55,1225.12,2639.83,1036.88,1997.73
Sydney,12,Budget,6,7529.21,1380.68,2155.34,1567.21,2425.97
Bangalore,9,Luxury,4,6394.87,1092.42,1887.05,1633.52,1781.89
Seoul,4,Standard,6,3157.95,982.12,959.91,864.51,351.42
Bangalore,16,Luxury,3,6548.45,1975.29,2519.38,1726.36,327.42
Kerala,6,Budget,6,1342.1,289.41,452.03,219.15,381.52
Agra,17,Budget,3,1101.51,203.44,415.83,247.21,235.03
Delhi,17,Luxury,6,16543.36,5425.75,6223.79,4066.65,827.17
Goa,12,Budget,2,1033.69,276.16,379.67,263.23,114.63
Vienna,12,Luxury,3,8159.12,1924.99,3463.92,2254.28,515.92
Dubai,12,Budget,5,4772.81,763.5,2056.04,1366.97,586.29
Seoul,6,Budget,6,3059.8,494.02,902.78,519.25,1143.74
Hong Kong,6,Luxury,5,8194.02,1633.85,3533.68,1535.82,1490.67
Goa,12,Standard,1,831.49,253.89,218.74,185.53,173.32
Seoul,20,Luxury,2,7361.3,1568.24,2976.7,1199.62,1616.74
Delhi,13,Standard,4,4067.91,714.32,1734.67,850.26,768.66
Prague,7,Standard,2,1101.67,239.78,343.43,321.75,196.7
Prague,11,Budget,1,600.39,108.22,177.15,112.66,202.36
Sydney,3,Standard,1,621.98,191.78,223.77,150.48,55.95
Mumbai,4,Standard,1,157.77,37.19,43.89,39.38,37.31
Hong Kong,12,Standard,2,3769.05,1130.17,1161.31,1010.28,467.29
Bangkok,12,Luxury,3,6727.04,1078.96,2739.63,1212.24,1696.21
Sydney,6,Budget,6,3603.46,657.0,1085.0,1052.2,809.27
Rome,19,Standard,2,4651.82,758.44,1594.58,1332.2,966.6
Paris,5,Standard,6,3957.73,908.21,1063.37,855.51,1130.65
Berlin,10,Standard,4,3266.42,1007.92,1193.94,800.88,263.68
Kuala Lumpur,17,Budget,6,2917.16,843.59,1192.11,576.18,305.29
New York,5,Budget,3,1526.49,313.51,681.89,261.19,269.9
Paris,10,Luxury,5,16759.05,3563.52,6866.49,4946.66,1382.38
Kerala,14,Budget,3,1823.06,457.66,808.39,387.7,169.31
Kuala Lumpur,15,Budget,2,862.73,131.58,312.27,197.66,221.22
Hong Kong,7,Standard,3,3231.35,605.82,1362.45,881.71,381.37
Jaipur,14,Standard,1,1005.96,243.29,323.48,225.47,213.72
New York,18,Standard,5,17681.21,3051.58,4728.59,4559.31,5341.74
New York,11,Standard,3,8199.22,2297.66,3068.03,1663.26,1170.26
Dubai,17,Luxury,3,13589.59,3761.98,3740.57,3416.78,2670.25
Tokyo,10,Luxury,4,12061.42,3389.94,5407.72,1940.69,1323.07
New York,17,Standard,6,21941.68,4872.71,5786.05,5802.99,5479.94
Bali,16,Standard,4,6062.94,1865.5,2322.09,1146.16,729.19
Paris,4,Standard,6,3864.16,935.4,1634.2,896.47,398.08
New York,16,Luxury,3,17658.25,5261.82,7656.89,3390.48,1349.06
Goa,16,Budget,3,1893.93,578.12,715.05,506.06,94.7
Vienna,16,Luxury,1,4714.53,972.63,2001.56,786.79,953.55
Bangkok,6,Budget,1,221.04,43.85,55.81,48.7,72.68
Hong Kong,13,Standard,5,8756.26,2614.96,2273.37,2499.34,1368.59
Rome,11,Standard,5,6466.69,1737.24,2770.72,1149.77,808.95
Kuala Lumpur,19,Budget,6,3016.83,928.68,1100.15,750.66,237.35
Goa,5,Budget,4,740.5,128.1,199.02,212.11,201.27
London,19,Luxury,2,12505.8,3170.09,4203.02,2470.42,2662.27
Prague,17,Standard,1,1759.74,383.91,497.94,308.99,568.9
Bali,8,Luxury,4,6261.04,1786.18,1730.17,1159.09,1585.6
Prague,5,Budget,6,1769.92,358.47,538.61,391.04,481.8
Barcelona,10,Budget,6,4133.52,919.17,1423.99,648.33,1142.02
Rome,12,Luxury,1,3267.08,784.4,1125.82,795.14,561.73
Mumbai,18,Luxury,5,14824.84,3815.94,6238.69,2333.79,2436.41
Rome,3,Luxury,2,1502.84,364.55,507.52,274.68,356.09
Amsterdam,11,Luxury,1,3012.51,942.92,1071.23,847.74,150.63
Kuala Lumpur,9,Budget,5,1776.69,506.51,460.11,386.59,423.48
Mumbai,3,Budget,4,391.28,111.2,118.02,98.28,63.77
Paris,9,Budget,4,3030.45,952.29,758.56,743.86,575.75
Kuala Lumpur,15,Standard,1,1303.92,225.45,426.08,284.82,367.58
Jaipur,17,Budget,4,2314.43,601.56,995.35,487.5,230.02
Kerala,11,Luxury,2,4167.54,926.79,1536.71,631.46,1072.58
Jaipur,11,Luxury,1,1549.11,280.18,440.52,380.59,447.82
Bali,8,Standard,3,1789.43,272.6,598.4,347.61,570.82
Paris,15,Luxury,2,9146.56,3036.9,3764.76,1668.4,676.49
Hong Kong,8,Luxury,4,11849.64,2734.65,3146.35,2741.77,3226.86
Bangkok,14,Standard,2,2127.31,482.58,723.34,503.94,417.46
Barcelona,10,Luxury,3,5652.28,1527.33,2210.7,1431.5,482.75
Sydney,7,Standard,4,5925.46,941.89,2384.3,1730.22,869.07
Kerala,12,Budget,4,2286.81,615.6,618.01,633.61,419.58
Rome,18,Standard,4,9326.62,2481.29,3375.65,1546.25,1923.42
Bangalore,20,Budget,5,2914.76,495.1,850.45,841.91,727.29
Amsterdam,20,Luxury,6,36527.45,11003.63,12481.6,7063.92,5978.3
Dubai,7,Standard,2,1820.42,434.76,817.32,421.99,146.35
Vienna,17,Luxury,6,17423.44,3970.74,5699.25,3503.12,4250.33
London,7,Budget,1,749.63,226.67,312.39,161.97,48.59
Amsterdam,15,Standard,3,9009.19,1670.61,3166.63,2266.79,1905.16
Bali,9,Luxury,4,7414.5,1318.59,2512.1,1808.66,1775.16
Berlin,19,Luxury,3,9935.67,3239.65,3722.71,2338.92,634.38
Kerala,9,Budget,5,1822.89,532.61,786.37,309.63,194.28
Bali,13,Standard,6,6930.86,1778.99,2938.64,1175.46,1037.76
Berlin,7,Luxury,1,1588.87,249.28,705.33,464.53,169.72
Goa,6,Standard,6,3730.13,949.28,1352.33,806.39,622.13
Berlin,20,Budget,1,1532.82,458.98,552.62,444.58,76.64
Goa,11,Luxury,4,6684.24,1006.87,2526.91,1301.86,1848.6
Rome,8,Luxury,3,7318.31,2014.86,3185.49,1118.73,999.22
Singapore,13,Budget,3,1743.9,503.13,482.86,339.9,418.01
Goa,11,Standard,3,3017.44,630.41,763.0,786.59,837.44
Hong Kong,3,Budget,5,1373.13,207.53,600.63,375.26,189.71
Barcelona,3,Luxury,4,2830.2,650.44,1116.88,543.54,519.34
London,8,Standard,3,4020.36,883.53,1094.34,1090.46,952.02
Vienna,15,Standard,5,8702.97,2771.16,2597.37,1929.79,1404.66
Tokyo,15,Standard,4,10714.32,3457.3,3538.53,2077.26,1641.24
Seoul,9,Standard,5,6001.04,1163.33,1540.67,1093.35,2203.68
Kerala,19,Budget,6,5382.6,1296.07,2229.94,1255.21,601.37
Agra,16,Standard,2,1802.41,560.17,649.77,411.0,181.47
Vienna,10,Luxury,2,5636.37,1297.99,1587.91,1591.14,1159.33
Seoul,13,Standard,1,1481.52,222.27,521.83,232.64,504.78
Singapore,19,Standard,2,6658.48,1620.63,2117.89,1938.07,981.89
Berlin,3,Budget,3,648.94,138.01,264.63,184.16,62.14
Vienna,19,Luxury,6,27469.48,6193.37,12163.91,4488.33,4623.86
Kuala Lumpur,3,Standard,4,1019.27,153.78,288.85,261.91,314.73
Vienna,3,Budget,4,956.7,168.3,368.54,278.97,140.88
Barcelona,14,Budget,5,4797.51,1637.68,1679.51,1031.03,449.29
Delhi,16,Standard,3,3133.1,701.7,816.08,830.7,784.63
Jaipur,15,Budget,4,1692.9,476.5,583.13,477.44,155.83
Paris,15,Budget,5,6434.27,1345.15,1784.35,1594.06,1710.7
Jaipur,8,Luxury,4,3919.66,954.95,1433.95,638.13,892.64
Berlin,15,Luxury,1,3416.45,1072.05,1384.61,788.96,170.82
Delhi,12,Budget,6,2630.27,792.27,977.39,729.1,131.51
New York,5,Budget,6,2917.57,747.45,1076.66,441.98,651.49
Berlin,6,Budget,2,1016.1,215.79,411.31,270.22,118.77
Rome,14,Standard,3,6070.79,1609.19,1610.44,1259.0,1592.16
Barcelona,7,Standard,6,3913.87,854.64,1556.96,718.15,784.12
Hong Kong,14,Standard,3,5989.07,1692.52,2154.13,1688.25,454.17
Kerala,13,Budget,1,398.91,76.36,111.88,113.66,97.01
Barcelona,4,Budget,2,626.27,154.57,250.19,138.45,83.06
London,10,Standard,1,1645.07,460.94,623.35,385.27,175.52
Singapore,19,Budget,3,3469.9,1020.31,1292.82,983.27,173.49
Hong Kong,15,Standard,3,7551.76,2093.28,2474.21,1896.4,1087.88
Berlin,19,Budget,4,4666.14,1014.74,1843.11,1077.05,731.25
Barcelona,20,Standard,2,4548.59,804.44,2008.6,1043.67,691.88
Delhi,16,Budget,5,3677.61,983.44,1562.9,947.38,183.88
Mumbai,16,Standard,5,6448.04,2073.28,2224.06,1828.3,322.4
Prague,19,Budget,3,2184.48,674.19,919.14,406.96,184.19
Bangkok,18,Budget,4,2189.61,519.81,807.34,352.44,510.02
Singapore,8,Standard,4,5132.76,1621.33,2034.75,1043.27,433.42
Bangalore,13,Luxury,5,10533.23,3208.61,3286.37,1946.6,2091.65
Berlin,19,Luxury,3,13027.91,4137.89,4872.02,3366.62,651.4
Prague,7,Budget,2,642.34,167.26,263.97,100.79,110.32
Amsterdam,10,Standard,3,5357.03,1075.5,1602.62,1127.2,1551.72
Prague,15,Budget,2,2286.57,563.21,862.24,374.1,487.02
New York,19,Luxury,3,17795.15,3649.96,6662.65,5318.37,2164.18
Agra,20,Budget,4,1758.81,600.22,491.83,443.1,223.66
Barcelona,6,Budget,5,2335.02,686.1,846.83,499.99,302.1
Prague,15,Standard,4,6112.13,1950.81,2018.16,1616.45,526.72
Kuala Lumpur,17,Standard,2,2325.66,444.05,856.37,413.78,611.46
Kerala,16,Luxury,4,8118.62,1697.18,3457.71,1777.98,1185.74
Delhi,10,Luxury,5,8454.41,2497.01,3422.19,1715.32,819.9
London,4,Luxury,1,1163.94,242.11,507.71,243.0,171.12
Bali,11,Standard,1,982.75,263.46,257.74,200.8,260.74
Hong Kong,10,Standard,6,9559.55,3121.64,2489.12,1707.98,2240.81
Prague,6,Standard,1,522.17,166.93,174.68,102.05,78.51
Dubai,18,Budget,3,3430.38,745.74,1543.36,723.34,417.94
Goa,10,Standard,1,754.86,170.7,251.29,198.58,134.28
Tokyo,11,Luxury,1,4225.63,884.48,1660.19,1114.94,566.03
Bangkok,3,Budget,1,92.94,17.14,41.31,20.2,14.29
Tokyo,9,Luxury,3,9060.98,1585.9,3806.47,1827.51,1841.1
Tokyo,11,Luxury,5,19886.35,3548.4,5820.31,4967.05,5550.59
Bali,19,Luxury,1,3654.84,1240.52,1276.46,756.84,381.03
Delhi,19,Standard,3,4992.18,1529.78,1372.23,1346.05,744.12
Paris,4,Standard,5,3059.27,765.48,1196.91,704.07,392.81
Rome,3,Luxury,5,3633.72,1067.19,1535.35,642.76,388.42
New York,14,Luxury,3,17271.65,4929.86,6476.97,3410.85,2453.98
Singapore,7,Luxury,6,13034.56,3584.18,4749.13,3583.52,1117.73
Kerala,20,Luxury,4,12090.99,3140.9,3718.3,2370.03,2861.76
Prague,8,Budget,1,408.6,96.47,173.9,98.4,39.83
Seoul,3,Luxury,6,4507.41,1286.9,1191.86,814.99,1213.66
Sydney,15,Budget,4,5174.83,1471.18,1948.1,930.69,824.86
Kerala,20,Standard,2,3394.36,579.16,1220.47,1007.59,587.14
Barcelona,20,Budget,2,2782.22,741.29,809.31,634.22,597.4
Sydney,5,Luxury,2,4521.05,1248.44,1627.22,1145.94,499.45
Berlin,9,Luxury,3,6595.9,1089.09,2904.08,1283.52,1319.21
Singapore,5,Luxury,2,3535.46,961.65,1105.12,674.09,794.6
Tokyo,6,Budget,1,622.11,107.88,211.4,150.45,152.37
Singapore,18,Luxury,5,28582.32,8295.39,11033.41,6037.24,3216.28
Bangalore,6,Budget,1,168.22,43.47,73.67,30.8,20.29
Barcelona,16,Budget,2,1960.65,554.86,685.46,512.56,207.77
Jaipur,17,Luxury,4,9013.85,2135.21,3557.67,1364.32,1956.65
Seoul,13,Budget,1,1076.46,205.39,409.92,293.61,167.54
Delhi,3,Luxury,1,485.28,74.33,128.81,139.12,143.03
Berlin,20,Budget,3,4169.29,1121.38,1352.69,833.67,861.56
Jaipur,6,Standard,3,861.37,178.01,350.88,180.56,151.92
Bangkok,16,Budget,3,1806.64,345.51,740.62,361.4,359.11
Paris,7,Standard,1,1281.49,201.2,522.18,271.29,286.83
Berlin,8,Luxury,2,5718.04,1022.83,2326.09,1217.42,1151.71
Singapore,15,Luxury,4,17857.18,4786.56,5920.13,3936.24,3214.26
Seoul,3,Luxury,3,2953.98,596.84,832.72,514.2,1010.22
Dubai,12,Budget,4,2846.8,779.52,1174.99,749.96,142.34
Agra,5,Luxury,4,1697.66,339.52,599.27,391.03,367.84
Bali,15,Budget,6,3371.38,1096.09,1451.19,655.53,168.57
Amsterdam,12,Budget,2,1853.82,483.24,650.0,331.98,388.6
Singapore,12,Budget,1,837.4,183.35,286.7,177.68,189.67
Singapore,17,Budget,5,8426.63,1912.51,2931.42,1807.02,1775.68
Kuala Lumpur,4,Budget,5,632.92,187.65,223.41,110.26,111.6
Paris,19,Standard,6,15279.93,2613.92,4499.51,3482.05,4684.44
Berlin,9,Standard,6,5256.73,1069.85,1667.09,1379.41,1140.38
Seoul,11,Luxury,1,3435.59,993.87,1341.35,603.82,496.55
Jaipur,15,Standard,6,3512.17,931.01,893.6,1024.74,662.83
Goa,9,Budget,2,610.13,183.94,234.22,161.47,30.51
Sydney,3,Budget,1,286.39,77.97,120.7,71.88,15.83
New York,13,Luxury,2,10837.79,3240.18,4231.51,2824.21,541.89
Kerala,11,Luxury,6,13345.65,3364.6,5526.7,2811.73,1642.62
Delhi,13,Luxury,5,11499.1,1760.53,3520.75,2083.56,4134.25
Rome,8,Standard,4,3758.58,700.39,1498.23,1041.84,518.12
Agra,19,Budget,5,2655.2,923.6,786.76,773.68,171.17
Amsterdam,5,Budget,3,675.54,110.79,267.41,162.98,134.36
Kuala Lumpur,6,Standard,3,1174.47,258.37,511.9,242.98,161.22
Tokyo,19,Standard,1,3167.06,478.42,1301.34,842.19,545.1
Delhi,6,Budget,1,253.99,76.29,104.29,57.83,15.58
Bangalore,7,Luxury,3,3122.86,855.96,1244.31,548.01,474.59
Barcelona,8,Luxury,5,9638.13,2612.73,3244.51,2565.14,1215.75
Amsterdam,12,Budget,4,3442.86,842.76,1354.01,656.35,589.74
Rome,10,Luxury,5,13221.93,4383.97,4646.34,2355.99,1835.63
Bangalore,4,Standard,2,441.93,100.12,183.12,110.01,48.68
Bangalore,8,Standard,1,568.26,157.56,178.95,108.21,123.54
Bali,16,Standard,5,7142.95,2006.75,2962.56,1139.09,1034.54
Bali,17,Luxury,4,12882.4,3860.75,5084.15,3293.39,644.12
Paris,7,Budget,6,3345.96,524.43,1424.83,624.05,772.64
Dubai,20,Standard,6,13378.29,3382.57,5314.47,2882.53,1798.73
Vienna,20,Standard,2,4948.4,1454.72,2003.12,1243.14,247.42
Bangkok,14,Luxury,3,9189.06,1937.11,2881.88,2703.18,1666.89
Berlin,13,Luxury,6,15416.94,3276.96,5871.83,2849.09,3419.07
Bangkok,16,Luxury,2,4327.63,763.95,1524.74,652.61,1386.32
New York,12,Budget,3,4201.21,1086.49,1829.12,1075.55,210.06
Berlin,12,Standard,5,5737.66,1476.58,2387.98,1586.21,286.88
Kuala Lumpur,7,Budget,3,674.01,160.83,235.11,188.15,89.91
Amsterdam,16,Standard,3,8213.28,1412.79,3572.85,2010.17,1217.47
Kuala Lumpur,11,Budget,6,2187.01,448.46,615.08,536.67,586.8
London,17,Budget,4,5860.7,1409.98,2577.24,932.38,941.1
Jaipur,13,Budget,4,1434.97,345.79,555.53,411.16,122.48
Seoul,15,Standard,5,11481.85,3197.87,3050.86,2997.74,2235.38
Prague,10,Luxury,5,9404.7,2206.97,2510.24,2266.79,2420.7
Agra,18,Luxury,6,8968.4,2893.2,3831.47,1609.81,633.92
Bali,11,Luxury,3,6494.84,1234.74,1904.58,1647.62,1707.9
Kuala Lumpur,10,Budget,5,1702.11,278.13,757.56,463.9,202.52
Amsterdam,16,Standard,3,6676.6,2055.6,2224.93,1169.86,1226.2
Agra,8,Standard,2,786.61,201.35,351.66,137.58,96.01
Rome,10,Luxury,3,7428.52,1598.99,2301.92,1373.35,2154.25
Amsterdam,19,Luxury,4,21240.07,4080.25,8746.76,3654.1,4758.96
Bangkok,4,Luxury,3,1972.25,518.07,810.12,336.41,307.64
Bangkok,10,Standard,6,4883.84,1164.06,2182.33,1022.46,514.99
Kuala Lumpur,4,Standard,1,275.76,51.88,88.08,64.0,71.8
Prague,17,Budget,2,1800.42,518.37,730.05,461.98,90.02
Agra,20,Standard,5,3554.25,1060.33,1238.7,790.74,464.47
Kerala,5,Luxury,2,1689.64,394.07,596.05,482.38,217.13
Vienna,19,Budget,5,5942.99,1497.81,2360.84,1348.67,735.67
Mumbai,6,Luxury,4,1974.24,557.39,549.32,465.19,402.33
Bali,5,Standard,4,2033.22,504.55,673.63,580.44,274.6
Bangkok,10,Luxury,6,9095.97,2815.63,2942.35,1483.12,1854.88
Bangalore,7,Luxury,6,5001.48,1739.04,1275.62,939.76,1047.07
Bali,9,Standard,6,5348.5,1444.4,1394.37,1104.36,1405.38
Bangalore,6,Standard,1,506.05,132.01,146.7,98.22,129.11
Rome,15,Standard,6,13925.37,4277.35,5124.39,2102.25,2421.38
Hong Kong,18,Budget,2,3143.36,949.56,1108.3,803.48,282.02
Vienna,16,Standard,6,16268.18,4922.4,4214.93,4018.08,3112.77
Kerala,11,Luxury,4,6742.1,1698.81,2361.46,1062.13,1619.71
Agra,3,Standard,1,176.99,32.24,45.13,38.47,61.15
Barcelona,14,Luxury,1,3520.61,1072.65,1524.4,627.98,295.59
Prague,13,Budget,2,1578.68,276.42,638.66,292.91,370.69
Bali,10,Budget,6,2450.95,546.99,768.64,643.16,492.15
Kerala,10,Standard,1,726.17,151.41,229.79,140.93,204.05
Rome,9,Luxury,4,7598.43,2047.46,2892.54,1358.95,1299.47
Tokyo,7,Standard,3,2394.98,796.54,761.49,522.93,314.02
Bangalore,6,Budget,4,851.7,296.41,266.05,171.19,118.05
Rome,3,Luxury,2,1931.14,650.98,554.52,397.58,328.06
London,14,Standard,3,6249.77,1052.91,1765.92,1495.46,1935.48
Seoul,16,Luxury,5,21065.85,4199.09,7250.7,5251.44,4364.62
Agra,5,Standard,5,689.16,119.2,302.06,184.44,83.46
New York,14,Budget,2,3105.37,687.39,1246.79,603.25,567.95
Goa,18,Luxury,1,3071.49,731.05,1216.13,893.91,230.4
Bali,19,Budget,4,3600.84,922.86,1107.58,806.31,764.09
Mumbai,16,Luxury,1,1755.74,321.09,479.87,407.34,547.44
Bangalore,18,Luxury,4,11368.49,3685.63,4539.18,2575.26,568.42
Kuala Lumpur,10,Luxury,2,3325.61,871.7,1458.39,540.11,455.42
Berlin,7,Budget,2,755.73,131.3,337.14,137.7,149.59
Barcelona,18,Luxury,2,12745.99,3795.42,3269.2,3171.3,2510.07
Prague,15,Luxury,3,8577.01,1708.96,2870.81,2307.52,1689.72
Sydney,17,Luxury,2,15160.16,2426.69,3950.03,3847.68,4935.78
Kuala Lumpur,10,Standard,5,2756.37,731.89,887.12,753.96,383.41
Bangalore,8,Standard,3,1844.6,406.12,594.91,499.62,343.96
Bangalore,15,Standard,1,980.61,326.13,356.09,173.96,124.42
Rome,17,Budget,6,8844.11,2674.25,3593.37,1692.44,884.04
Seoul,8,Luxury,5,10697.06,2741.81,2744.14,2367.68,2843.43
Agra,8,Standard,3,1280.86,356.59,563.16,297.06,64.04
Mumbai,15,Standard,4,3744.0,1264.34,1431.54,604.73,443.39
Kerala,18,Luxury,4,9952.69,3114.54,3706.05,2050.44,1081.67
Berlin,3,Standard,3,906.78,258.58,346.05,145.55,156.59
Delhi,6,Standard,3,922.27,143.72,397.91,159.96,220.68
Vienna,5,Standard,6,3387.0,1074.69,880.76,744.1,687.44
Sydney,18,Standard,3,8094.65,1362.12,2533.34,1266.47,2932.71
Bali,9,Budget,4,1850.36,521.08,465.57,539.34,324.37
Mumbai,8,Budget,2,470.27,149.94,163.09,106.81,50.43
Dubai,8,Standard,3,3990.48,1167.49,1553.65,792.72,476.62
Bangalore,7,Budget,6,1519.88,477.37,513.89,258.17,270.45
Singapore,13,Luxury,5,24324.73,6996.01,6666.86,7073.13,3588.72
Kuala Lumpur,17,Standard,5,6905.52,1460.13,2481.1,1467.97,1496.33
Tokyo,18,Budget,1,1778.95,512.48,565.9,481.64,218.93
Hong Kong,5,Standard,4,3616.16,785.16,959.59,669.89,1201.52
Bali,15,Budget,1,724.73,243.0,242.01,114.21,125.52
Berlin,20,Budget,3,3690.55,574.73,1353.14,559.84,1202.84
Prague,17,Luxury,2,4530.76,1562.02,1625.82,866.67,476.25
Delhi,10,Luxury,6,10283.62,1942.47,2762.58,2175.75,3402.82
Berlin,19,Budget,4,4858.0,1056.57,2060.46,789.56,951.4
Goa,12,Standard,5,4154.42,1298.61,1609.88,1038.2,207.72
Delhi,16,Luxury,4,9298.91,2892.77,3738.46,1609.5,1058.18
Agra,8,Budget,4,657.67,152.28,180.93,115.55,208.91
Singapore,15,Standard,3,5792.43,1612.04,1749.12,1638.75,792.52
Agra,6,Luxury,1,654.74,128.33,217.55,121.83,187.03
Delhi,11,Luxury,4,6592.27,1096.99,1694.13,1967.55,1833.6
Vienna,11,Standard,2,3752.86,941.68,1026.24,658.1,1126.84
New York,4,Budget,3,923.69,199.57,335.16,256.4,132.56
Mumbai,13,Luxury,1,1120.08,196.95,302.32,269.35,351.45
Delhi,14,Standard,1,840.01,254.58,252.51,235.06,97.85
Prague,13,Luxury,2,4204.75,1197.38,1763.38,835.27,408.72
Amsterdam,19,Luxury,6,42527.34,11272.8,14281.21,8139.24,8834.09
Hong Kong,12,Budget,4,4641.4,1571.63,1460.94,1156.5,452.32
Singapore,17,Standard,5,10522.3,1835.1,4106.61,1757.39,2823.19
Goa,4,Standard,4,1396.95,302.29,479.25,212.41,403.0
Hong Kong,18,Standard,4,14162.75,4030.28,5592.17,3170.9,1369.39
Tokyo,16,Luxury,2,11039.92,1767.31,4725.93,2611.3,1935.38
Sydney,12,Budget,6,7041.41,1536.38,3052.12,1485.66,967.25
Seoul,6,Standard,5,3433.28,716.42,1219.14,874.37,623.35
London,3,Budget,5,1345.31,281.39,336.63,256.68,470.61
Dubai,10,Budget,3,2146.65,576.79,543.64,556.66,469.56
Goa,15,Budget,6,3554.97,759.53,1524.56,877.14,393.75
Mumbai,13,Luxury,1,814.05,124.33,256.06,189.8,243.87
Mumbai,10,Standard,5,3035.82,767.74,810.6,705.31,752.17
Singapore,15,Standard,5,12184.97,2775.07,3631.85,2001.32,3776.73
Agra,13,Luxury,6,9459.68,2885.74,3991.17,2109.78,472.98
Paris,17,Luxury,1,3196.83,737.0,1229.18,806.65,423.99
Goa,3,Luxury,3,1622.05,282.09,591.28,305.78,442.9
Sydney,8,Luxury,3,10203.6,2794.1,2931.78,1569.86,2907.86
Singapore,15,Luxury,6,24005.63,6246.51,8515.1,4617.23,4626.79
Kuala Lumpur,15,Luxury,4,7490.55,2256.72,2820.91,2038.39,374.53
Kerala,16,Luxury,3,8951.67,1417.19,3129.74,2268.32,2136.42
Mumbai,19,Standard,2,2442.51,441.57,1087.91,565.97,347.07
Agra,17,Standard,3,2936.59,638.59,1287.15,673.82,337.02
Bali,15,Budget,1,750.84,237.75,233.21,221.48,58.4
London,19,Luxury,6,31125.89,8095.67,12699.45,6153.51,4177.26
Berlin,3,Luxury,4,2253.12,412.8,590.82,506.72,742.79
New York,15,Standard,6,17424.01,3963.18,6654.89,3768.9,3037.04
Agra,8,Standard,1,457.6,145.37,163.28,126.06,22.88
Barcelona,12,Standard,1,1899.52,437.44,603.32,321.06,537.69
Bali,6,Standard,1,686.38,188.06,267.44,125.08,105.79
Sydney,20,Standard,1,3137.99,803.31,1210.26,749.72,374.71
Hong Kong,18,Standard,3,7307.79,1317.52,2459.47,1749.13,1781.67
Bangalore,18,Luxury,6,16266.68,5135.19,4327.54,3603.49,3200.45
Prague,6,Standard,2,1321.24,279.3,381.89,332.65,327.39
Kuala Lumpur,15,Standard,6,6712.0,1778.48,2921.63,1676.29,335.6
Paris,7,Standard,4,2604.68,885.87,662.67,774.58,281.57
Bali,3,Luxury,3,1577.49,439.79,514.56,249.53,373.6
New York,13,Luxury,2,8730.96,1978.81,2560.5,1889.26,2302.39
Berlin,20,Luxury,4,22487.42,5867.81,9336.47,5503.09,1780.04
Hong Kong,18,Luxury,6,31660.43,5791.51,10543.72,4817.12,10508.09
Bangalore,15,Budget,6,3218.76,974.44,1141.63,592.3,510.38
Sydney,17,Standard,5,13890.59,2117.87,3869.81,3630.22,4272.68
Delhi,8,Luxury,4,4672.32,1152.47,1525.78,1288.96,705.11
Agra,6,Luxury,3,1125.41,182.78,297.37,265.69,379.58
Vienna,18,Luxury,1,5063.97,808.91,1365.25,793.07,2096.73
Barcelona,19,Standard,5,12477.54,2997.59,3943.88,2974.42,2561.65
Rome,20,Budget,4,6706.49,1228.73,1755.9,1700.83,2021.03
Dubai,20,Luxury,6,39226.03,8881.87,14158.49,6335.54,9850.13
Hong Kong,17,Luxury,1,5145.17,1116.88,1468.52,847.74,1712.03
New York,10,Standard,6,11884.47,3514.61,3720.7,2483.52,2165.63
Vienna,20,Budget,2,3014.83,738.69,1309.9,485.12,481.12
Jaipur,13,Luxury,3,6038.48,2104.43,1800.28,1697.69,436.08
Singapore,14,Budget,1,1349.46,367.67,341.87,241.85,398.08
Prague,3,Luxury,3,1801.01,458.14,474.74,319.11,549.03
Dubai,5,Standard,2,1284.37,366.24,480.0,302.19,135.94
Singapore,15,Luxury,6,35414.59,5390.66,14025.41,8349.64,7648.89
Rome,11,Budget,1,656.91,194.56,256.29,156.58,49.48
Vienna,20,Luxury,1,4417.49,1242.11,1280.03,871.36,1024.0
Prague,17,Standard,3,5419.42,1424.11,1637.92,1377.85,979.54
Vienna,10,Budget,5,3172.35,785.59,877.59,600.21,908.97
Bali,11,Budget,2,716.75,212.82,182.62,170.39,150.92
Rome,5,Luxury,1,1393.22,234.46,522.65,324.04,312.08
Seoul,5,Budget,6,1676.68,417.33,459.98,399.41,399.96
Goa,18,Standard,6,9742.48,3240.43,3550.4,1725.57,1226.08
Tokyo,20,Luxury,2,18224.83,4882.99,4801.8,5006.93,3533.12
Berlin,12,Luxury,2,4577.07,1160.81,1340.16,881.05,1195.04
Agra,11,Budget,4,1320.59,409.03,576.51,202.08,132.98
New York,7,Budget,5,4120.85,1083.45,1576.66,1037.88,422.87
Vienna,15,Standard,2,3667.46,1018.44,1151.39,581.54,916.08
Bali,5,Luxury,5,4286.85,761.45,1808.29,964.58,752.53
Prague,12,Budget,4,2685.05,570.63,891.8,487.21,735.41
Rome,16,Luxury,2,10016.13,3026.36,3982.47,2506.49,500.81
Jaipur,19,Luxury,5,13443.04,3562.57,3916.81,3033.67,2929.99
New York,13,Standard,6,17693.47,3762.58,6674.22,3711.07,3545.61
Kerala,17,Standard,6,8293.91,1858.22,3319.69,2360.03,755.98
Kuala Lumpur,19,Standard,3,4035.34,1377.09,1312.84,810.64,534.76
Hong Kong,10,Luxury,3,8432.16,2628.85,3584.49,1647.39,571.42
Vienna,12,Luxury,2,5197.25,1064.08,2247.1,855.6,1030.46
Bangkok,19,Budget,6,4669.77,812.5,1458.9,1262.52,1135.86
Bangkok,16,Budget,3,2557.21,870.67,807.48,637.63,241.43
Rome,18,Luxury,6,34909.62,9968.25,10489.05,9808.08,4644.23
Singapore,10,Budget,3,2714.03,927.91,796.68,442.99,546.44
Kuala Lumpur,13,Budget,2,726.46,213.63,255.87,174.82,82.13
New York,18,Budget,3,5571.4,1626.17,1510.3,1536.75,898.19
Goa,19,Budget,4,2779.28,643.56,1187.52,436.57,511.64
Bangkok,17,Luxury,2,5711.41,1577.92,1736.91,1069.85,1326.73
Delhi,11,Budget,2,709.41,126.17,178.87,164.33,240.04
Paris,17,Standard,4,12268.87,3134.85,3488.28,2148.51,3497.23
Sydney,8,Budget,6,4706.94,1266.51,1567.55,1004.13,868.75
Bali,5,Standard,5,2060.4,647.07,782.44,438.55,192.35
Bangalore,4,Standard,4,780.89,210.22,350.74,168.12,51.82
Agra,11,Luxury,5,5619.68,1072.51,1875.51,1028.09,1643.57
Barcelona,6,Luxury,6,10032.26,1841.55,2749.57,1606.57,3834.57
Jaipur,3,Luxury,1,396.7,115.48,123.59,73.92,83.71
Berlin,3,Luxury,4,3212.92,1071.73,872.65,594.05,674.49
Jaipur,19,Standard,5,4998.51,830.92,1701.69,1303.93,1161.97
Berlin,12,Luxury,1,2999.82,734.32,1331.95,783.56,149.99
Singapore,3,Standard,4,1793.98,625.07,756.18,295.3,117.44
Bali,16,Standard,1,1583.58,344.37,657.98,237.68,343.54
Paris,19,Standard,1,2613.63,514.14,689.05,465.4,945.04
Hong Kong,5,Luxury,6,10924.82,3616.77,3808.3,2179.76,1320.0
Tokyo,18,Budget,2,3093.54,648.19,957.8,612.71,874.84
Hong Kong,16,Luxury,6,26186.68,5636.85,6655.39,6916.76,6977.68
Paris,8,Budget,5,3675.58,677.69,1269.2,958.16,770.54
Goa,10,Luxury,2,3953.54,1214.86,1556.94,984.06,197.68
Kuala Lumpur,14,Luxury,5,9900.9,2047.87,3047.43,2045.11,2760.48
London,16,Standard,3,6603.86,1581.23,2746.97,1639.14,636.52
Barcelona,17,Budget,5,6497.96,1496.48,2655.23,1189.62,1156.63
Paris,15,Luxury,4,20151.89,3489.59,7883.24,4545.32,4233.73
Paris,8,Luxury,6,15373.6,3776.24,6204.69,3755.54,1637.12
Tokyo,11,Budget,1,1165.51,190.92,369.42,229.67,375.5
Bangkok,12,Luxury,2,4117.0,1108.68,1699.81,853.53,454.98
Bangalore,12,Budget,3,1112.33,309.85,411.77,282.99,107.72
Delhi,19,Standard,6,6753.08,1649.52,2326.46,1396.09,1381.02
Jaipur,15,Luxury,1,1500.31,241.77,558.06,279.24,421.24
Bangkok,15,Budget,6,4219.41,884.37,1130.6,1209.38,995.06
Tokyo,11,Budget,4,4149.8,1356.55,1497.24,955.22,340.79
Jaipur,18,Standard,4,5391.54,1796.99,1701.4,1109.65,783.51
Bangalore,6,Budget,2,588.71,156.48,153.6,116.04,162.6
Delhi,16,Budget,4,2261.74,621.63,940.6,403.83,295.66
Paris,19,Standard,4,12584.79,2748.14,4237.79,3489.39,2109.47
New York,9,Budget,6,5871.88,1687.6,2325.1,1565.58,293.59
Paris,12,Budget,6,5281.05,1583.22,1697.31,1294.98,705.54
Goa,11,Luxury,6,13632.94,3532.83,3964.63,2641.88,3493.59
Hong Kong,5,Budget,4,1096.95,299.06,450.98,213.85,133.06
Prague,15,Budget,6,4980.27,998.22,1690.03,839.26,1452.76
Goa,12,Standard,1,760.86,173.12,211.27,198.37,178.09
Agra,16,Luxury,3,3949.75,981.4,1541.09,1099.34,327.92
Mumbai,4,Luxury,4,1755.44,578.38,480.77,349.64,346.64
Singapore,10,Standard,3,4632.68,1009.93,1963.93,756.15,902.67
Goa,7,Luxury,3,3756.45,1119.32,1531.9,630.58,474.65
New York,8,Budget,1,734.93,186.39,293.68,202.46,52.4
Bangkok,5,Standard,6,2723.33,513.55,731.33,625.91,852.54
Amsterdam,19,Standard,1,2390.26,737.1,985.54,531.45,136.16
Sydney,15,Standard,2,6581.0,2092.12,2405.74,1754.1,329.05
Bangalore,4,Standard,6,1302.96,245.48,499.47,317.28,240.72
Prague,4,Budget,2,414.57,78.57,170.4,73.74,91.86
Amsterdam,16,Budget,6,5281.42,1584.38,2170.79,900.62,625.63
Sydney,9,Luxury,1,3815.05,600.27,1316.02,764.72,1134.04
Kuala Lumpur,8,Standard,1,487.86,134.02,128.12,96.93,128.79
Seoul,8,Budget,5,2656.12,650.95,1079.98,697.29,227.89
Agra,12,Standard,6,2646.59,835.25,861.73,786.5,163.11
Hong Kong,4,Luxury,1,1506.09,304.96,503.55,234.93,462.65
New York,20,Luxury,5,38724.53,10230.3,12255.75,7641.51,8596.97
Prague,12,Budget,4,2654.54,549.28,938.22,735.91,431.13
Jaipur,18,Budget,1,762.64,128.98,254.59,127.36,251.71
Jaipur,18,Budget,5,2269.22,574.25,613.76,596.27,484.93
Tokyo,14,Luxury,4,17558.22,4504.83,7411.91,4463.96,1177.51
Dubai,14,Luxury,6,21751.6,6799.78,7921.41,5942.83,1087.58
Vienna,16,Budget,2,2719.34,867.45,938.89,681.09,231.9
New York,17,Luxury,4,26534.04,5178.33,9905.8,4140.64,7309.27
Bali,15,Budget,1,839.01,291.08,244.84,142.26,160.83
Goa,6,Standard,5,1855.58,292.22,651.44,390.52,521.4
Agra,5,Standard,5,1081.37,373.5,310.77,234.43,162.67
Vienna,16,Standard,3,6133.78,1327.56,2393.17,1624.21,788.84
Kerala,13,Standard,1,1074.56,211.82,335.33,225.52,301.9
Singapore,12,Luxury,4,14113.66,3260.67,4203.09,3448.4,3201.49
Barcelona,20,Budget,3,3965.28,1346.36,1164.82,788.83,665.28
Barcelona,6,Standard,5,3265.74,974.74,965.57,518.5,806.93
Dubai,12,Standard,1,2213.42,406.39,710.42,464.81,631.8
Seoul,16,Luxury,2,9698.41,1605.05,2972.2,2306.23,2814.93
Kuala Lumpur,19,Standard,6,7259.82,1144.73,2349.64,2155.11,1610.34
Kerala,4,Luxury,1,699.41,216.29,295.46,152.69,34.97
Prague,6,Standard,3,2018.12,584.11,538.12,563.95,331.94
Kuala Lumpur,14,Budget,5,2813.89,536.89,1168.59,657.47,450.94
Delhi,18,Luxury,5,12189.62,2807.75,4273.07,3363.34,1745.46
Kerala,15,Standard,2,2419.23,709.02,1075.72,435.97,198.52
Hong Kong,6,Budget,3,1228.55,413.14,389.45,364.53,61.43
Amsterdam,15,Budget,5,4532.39,998.83,1772.72,1034.44,726.39
Paris,9,Budget,6,4105.59,767.17,1058.72,629.29,1650.41
Dubai,10,Standard,6,6126.31,1607.47,1668.73,1479.05,1371.07
Berlin,6,Budget,2,736.78,147.48,259.29,210.96,119.04
Sydney,18,Standard,6,10669.74,2195.18,4713.62,1829.03,1931.91
Jaipur,8,Luxury,1,1042.25,214.5,344.98,312.49,170.29
New York,5,Standard,1,1253.5,277.71,329.4,202.0,444.39
Prague,4,Budget,5,942.19,230.31,369.88,196.86,145.14
Bali,19,Budget,1,813.9,164.02,276.72,206.68,166.48
Bangalore,9,Budget,2,632.34,131.21,226.15,145.44,129.54
London,6,Budget,6,2822.43,590.13,756.73,706.17,769.4
Jaipur,13,Budget,3,1117.66,170.7,479.64,172.5,294.82
Barcelona,5,Luxury,6,7098.15,2066.26,2040.72,1863.9,1127.27
Amsterdam,9,Luxury,4,12579.29,3177.18,5270.21,2037.1,2094.79
Jaipur,9,Luxury,1,1251.24,333.61,492.49,257.51,167.63
Jaipur,11,Standard,3,2039.04,598.73,560.5,489.25,390.56
Jaipur,16,Budget,4,2173.59,466.45,929.87,378.41,398.86
Mumbai,18,Standard,4,4641.47,910.02,1259.15,1268.34,1203.95
Hong Kong,9,Budget,1,774.77,236.98,274.65,190.71,72.42
Bangalore,11,Luxury,3,5725.3,1554.22,1532.75,1440.09,1198.24
Bangkok,8,Standard,5,2804.34,892.69,718.11,775.6,417.94
Jaipur,5,Luxury,6,3968.96,1132.86,1086.72,636.38,1113.01
Goa,9,Budget,5,1515.13,315.06,451.13,275.8,473.13
Dubai,11,Standard,3,4707.5,1185.48,1308.05,1317.79,896.19
Seoul,5,Luxury,3,2835.21,831.63,912.18,539.17,552.24
Hong Kong,6,Budget,6,2823.85,900.73,909.1,714.67,299.35
Rome,5,Budget,1,278.18,80.3,112.18,54.42,31.28
Kuala Lumpur,5,Luxury,4,2415.22,577.88,954.99,613.32,269.04
Sydney,11,Budget,1,1214.9,404.59,341.72,319.24,149.36
Goa,5,Budget,3,744.37,150.47,263.25,192.29,138.36
Bali,12,Standard,4,3896.27,765.9,1357.46,765.76,1007.16
Barcelona,4,Luxury,2,2088.52,499.65,753.53,406.62,428.73
Vienna,8,Luxury,5,11844.67,2491.64,5092.6,2893.19,1367.23
Delhi,10,Budget,5,1356.82,411.06,411.27,367.72,166.78
Dubai,20,Luxury,6,24042.03,4881.08,8087.79,7209.18,3863.98
Kuala Lumpur,18,Budget,6,3775.7,1008.14,1312.84,863.24,591.48
Vienna,18,Budget,3,3704.58,651.33,1476.12,913.05,664.07
Vienna,9,Luxury,2,5276.14,1740.51,1459.94,1097.46,978.23
Tokyo,17,Budget,2,4329.66,1456.8,1825.56,760.25,287.05
Sydney,5,Standard,5,4681.09,1573.47,1193.34,1191.35,722.92
Paris,9,Budget,6,4635.77,1295.55,1277.94,1147.48,914.79
Sydney,13,Budget,6,8601.45,2302.38,2516.21,1415.39,2367.47
Prague,12,Budget,5,2947.94,904.59,1295.25,563.87,184.23
London,19,Standard,6,21357.98,6566.5,8804.83,4918.76,1067.9
Bali,8,Budget,4,1404.04,397.89,379.8,213.12,413.24
New York,15,Luxury,3,16731.55,2767.3,6427.47,4570.87,2965.91
Bangkok,13,Standard,1,828.32,141.13,358.02,226.19,102.98
Seoul,16,Standard,2,4299.25,939.3,1544.7,703.8,1111.45
Amsterdam,18,Budget,4,5335.14,861.09,1960.98,1472.78,1040.29
Goa,18,Standard,6,8010.75,1526.61,3602.14,1852.12,1029.87
Hong Kong,15,Luxury,2,7250.96,2270.4,2809.58,1808.44,362.55
Amsterdam,12,Luxury,4,13528.5,2797.15,5259.51,2649.85,2821.99
Barcelona,3,Budget,2,284.93,61.46,105.55,56.51,61.4
Bali,20,Standard,2,3694.83,595.77,1476.1,1025.79,597.18
Goa,3,Budget,1,111.43,37.98,32.54,29.9,11.02
Kuala Lumpur,14,Luxury,5,9698.13,3229.16,2835.18,1664.55,1969.24
New York,19,Luxury,3,20784.48,5958.62,7664.01,5470.98,1690.88
Kerala,7,Luxury,3,3128.85,572.84,783.67,931.11,841.23
Barcelona,20,Standard,3,5851.59,1906.15,1693.06,1709.22,543.16
Tokyo,9,Budget,4,3098.32,802.88,1198.42,553.16,543.87
Vienna,5,Budget,6,2043.96,631.82,568.79,346.55,496.8
Berlin,7,Budget,5,1963.5,508.54,524.96,364.28,565.72
Jaipur,18,Standard,1,873.87,169.23,228.03,133.4,343.21
Singapore,19,Standard,4,10321.77,2642.89,4170.94,2991.85,516.09
Dubai,18,Standard,6,19530.34,3813.41,5397.43,5528.19,4791.31
Tokyo,11,Luxury,3,10951.48,3512.28,4517.62,2374.0,547.57
Sydney,14,Standard,3,6555.85,1538.64,2810.35,1879.08,327.79
Amsterdam,19,Budget,1,1556.91,381.16,661.9,296.93,216.93
Jaipur,17,Standard,6,7450.97,1335.36,3089.18,1380.33,1646.11
Mumbai,20,Luxury,6,11319.58,2091.77,2934.48,2682.05,3611.27
Agra,18,Standard,1,1133.66,223.74,302.45,300.99,306.48
Dubai,7,Standard,5,4286.31,1469.65,1211.94,835.46,769.26
Jaipur,5,Budget,2,266.28,58.17,118.83,65.09,24.18
Hong Kong,15,Luxury,4,18561.97,3295.62,4842.26,2835.89,7588.21
Singapore,14,Budget,4,4020.56,849.06,1393.63,641.19,1136.68
Amsterdam,4,Luxury,5,6687.87,1672.01,1842.92,1587.27,1585.66
New York,5,Budget,2,1144.66,250.63,375.52,324.69,193.83
Prague,6,Budget,2,632.63,126.37,273.32,109.55,123.38
London,14,Standard,6,12654.03,2771.9,3600.72,3078.69,3202.72
Tokyo,17,Budget,1,1133.76,213.68,446.11,283.05,190.93
Berlin,10,Luxury,3,5935.09,1505.16,1492.63,1266.57,1670.73
Barcelona,7,Budget,3,1971.4,401.85,880.14,408.94,280.48
Prague,12,Budget,4,2446.92,659.51,973.35,377.74,436.31
Berlin,3,Luxury,3,1927.49,559.41,503.36,552.73,312.0
Vienna,3,Luxury,2,1310.85,272.92,555.53,374.47,107.94
Amsterdam,11,Standard,4,6433.04,1212.39,2205.17,1202.16,1813.33
Bangkok,8,Standard,2,1705.38,440.99,470.47,351.95,441.97
Jaipur,15,Budget,5,2437.9,583.57,988.8,446.31,419.22
Delhi,15,Standard,2,1897.87,481.02,506.43,564.97,345.44
Bangkok,18,Luxury,1,3599.43,1054.56,1209.3,705.37,630.21
Prague,5,Budget,3,729.9,251.5,183.19,154.67,140.55
Prague,11,Budget,2,795.36,123.23,263.57,145.64,262.93
Singapore,16,Luxury,5,21133.91,4907.83,6273.92,3232.38,6719.78
Amsterdam,4,Budget,2,548.79,156.98,227.8,94.39,69.63
New York,16,Standard,1,3578.62,983.22,990.58,598.93,1005.89
Amsterdam,8,Luxury,4,9978.84,2430.69,4230.55,2818.66,498.94
Rome,5,Standard,4,2569.02,663.85,1139.72,442.33,323.12
Bali,7,Luxury,3,4125.79,1087.1,1342.54,1216.03,480.12
Sydney,16,Standard,5,14458.24,3622.16,4359.96,3689.81,2786.3
New York,9,Standard,5,9481.9,2982.35,2395.66,2193.18,1910.7
Agra,8,Luxury,4,3216.74,974.77,1116.39,554.59,570.99
Paris,7,Budget,5,3638.68,700.83,1351.97,591.53,994.34
New York,7,Standard,2,2226.69,643.71,856.72,614.92,111.33
Dubai,3,Standard,2,928.39,263.53,383.43,175.56,105.88
Vienna,12,Budget,1,913.67,160.61,359.99,150.92,242.16
Vienna,20,Luxury,4,19644.9,3326.43,5988.41,3889.86,6440.2
Amsterdam,19,Standard,2,5923.31,1039.08,1987.32,1031.42,1865.49
Jaipur,16,Budget,1,553.67,91.79,159.64,122.46,179.78
Berlin,16,Budget,5,6041.26,1501.84,2080.49,1350.5,1108.43
Mumbai,9,Budget,2,513.45,135.48,221.21,131.09,25.67
Kerala,8,Luxury,3,4205.7,1073.6,1829.79,1092.03,210.29
Berlin,18,Luxury,2,11739.46,2161.32,3985.19,2131.52,3461.42
Sydney,18,Luxury,6,34500.75,11837.33,11228.95,6511.47,4923.01
Barcelona,4,Standard,1,360.57,105.24,91.67,76.74,86.92
Bangkok,3,Luxury,1,403.23,126.48,155.92,71.59,49.25
Seoul,12,Luxury,1,4233.38,1074.61,1256.78,713.47,1188.52
Seoul,20,Budget,6,9563.62,2694.84,4282.83,1814.76,771.19
Amsterdam,5,Standard,3,1895.41,612.66,718.7,469.28,94.77
London,14,Standard,3,8081.66,2084.52,2145.65,1234.1,2617.38
Delhi,20,Standard,6,7576.36,2102.29,3109.08,1666.47,698.53
Seoul,10,Standard,5,6813.34,1151.79,1740.77,1434.51,2486.27
Barcelona,13,Luxury,4,12549.52,3238.32,3263.69,2000.85,4046.67
Berlin,12,Luxury,3,9698.18,1485.47,3840.33,2747.61,1624.76
Mumbai,5,Budget,5,748.58,209.54,232.45,163.94,142.66
Bangalore,13,Budget,2,935.19,202.31,369.04,211.51,152.34
Sydney,16,Standard,4,13221.31,2620.63,3346.83,2697.35,4556.5
Seoul,20,Standard,5,12958.22,4534.99,3245.22,3185.14,1992.88
Seoul,20,Budget,4,5576.14,940.84,2459.15,1347.41,828.74
Sydney,4,Luxury,3,3870.73,1314.39,1167.84,776.4,612.1
Jaipur,15,Standard,5,4671.68,1075.39,1495.6,1242.32,858.37
Bangalore,10,Standard,2,1480.0,431.34,426.35,303.41,318.9
Mumbai,20,Budget,6,3359.73,1152.07,1347.68,691.99,167.99
Sydney,7,Standard,3,2410.32,830.15,679.3,489.59,411.27
Rome,9,Luxury,5,12645.67,2441.91,3720.54,3280.06,3203.17
Barcelona,20,Luxury,1,5548.97,1631.52,1482.83,1218.39,1216.22
Kuala Lumpur,18,Luxury,3,6991.6,1074.02,2307.69,1625.42,1984.47
Bali,17,Luxury,6,17348.41,5556.82,4880.5,5138.84,1772.24
Berlin,14,Standard,6,9663.61,3118.56,3074.86,2753.42,716.77
Tokyo,17,Budget,2,3627.0,1190.68,1408.75,846.22,181.35
Paris,8,Luxury,4,9349.53,2414.43,3840.53,2116.11,978.47
Paris,3,Luxury,6,6257.61,1479.45,2774.11,1363.11,640.94
Seoul,5,Luxury,2,2677.27,911.18,840.51,750.21,175.36
Hong Kong,16,Luxury,2,11827.93,2821.33,4104.92,3154.35,1747.33
Bangkok,7,Standard,3,1506.44,230.04,485.94,361.79,428.67
Bangalore,17,Budget,6,2928.49,601.82,1278.82,757.1,290.75
Bali,7,Standard,2,1427.66,409.74,559.0,291.24,167.68
Agra,17,Budget,6,3285.14,700.01,1269.77,922.22,393.14
Bangalore,13,Budget,6,2460.93,633.98,865.61,458.89,502.45
Sydney,6,Budget,5,2430.58,678.25,924.09,665.19,163.04
London,13,Luxury,1,3641.89,741.67,1638.37,642.07,619.79
Sydney,9,Luxury,2,4597.91,1533.03,1950.78,884.2,229.9
Kuala Lumpur,14,Budget,1,345.74,89.31,129.96,65.18,61.29
Delhi,10,Luxury,1,1503.12,327.19,657.02,431.14,87.77
Hong Kong,15,Budget,5,7320.4,2361.89,2942.06,1650.43,366.02
Berlin,5,Budget,6,2024.74,411.47,843.58,433.33,336.35
Rome,3,Budget,6,1350.88,240.59,457.39,316.4,336.49
Goa,12,Luxury,5,10649.85,2030.95,4522.7,1692.95,2403.26
Kerala,8,Standard,5,3368.56,706.89,1346.15,610.52,705.0
Prague,19,Luxury,1,3778.64,1126.77,1466.9,996.04,188.93
Bangkok,14,Standard,3,3187.45,565.65,1011.28,758.65,851.87
Hong Kong,7,Standard,2,2677.83,665.65,766.33,696.81,549.04
Amsterdam,14,Budget,5,5166.05,1575.29,1872.33,1203.2,515.24
Barcelona,18,Standard,6,16053.96,5518.76,5568.2,2561.25,2405.75
Singapore,20,Standard,2,8092.21,1910.32,2541.44,2314.35,1326.1
Sydney,5,Standard,3,2653.38,538.76,1027.44,775.63,311.55
Amsterdam,20,Luxury,5,28443.36,7327.7,7512.18,8251.56,5351.93
London,12,Luxury,3,11949.11,3479.21,5168.25,2704.19,597.46
Rome,14,Standard,5,9914.83,2929.96,3727.72,2022.31,1234.84
Kerala,8,Luxury,2,3042.6,555.99,929.18,486.42,1071.01
Sydney,3,Standard,1,537.7,184.54,148.47,110.65,94.04
Hong Kong,12,Luxury,1,3898.72,1351.6,1630.53,605.84,310.75
New York,6,Luxury,4,10231.16,2679.78,3129.39,2070.08,2351.91
Dubai,18,Luxury,1,5336.83,1343.26,1582.8,1477.23,933.54
Tokyo,17,Luxury,1,6354.83,1151.1,1875.52,1155.11,2173.09
Tokyo,18,Budget,5,8406.63,2497.55,2236.2,1714.28,1958.61
Dubai,11,Standard,6,9860.74,1706.91,3108.31,1805.16,3240.36
Hong Kong,8,Luxury,3,7562.34,2052.38,2175.69,2047.47,1286.81
Dubai,9,Budget,1,723.55,120.99,261.8,163.1,177.65
Jaipur,13,Standard,1,759.2,158.61,229.08,116.83,254.68
Bangalore,16,Luxury,5,7848.68,1621.88,3345.75,1876.21,1004.84
Hong Kong,7,Standard,4,5399.72,1414.85,1767.29,1150.34,1067.24
Kuala Lumpur,3,Luxury,6,2142.38,393.95,808.46,634.6,305.37
Mumbai,10,Budget,3,850.19,241.31,282.32,187.56,139.01
Paris,15,Budget,3,3715.46,822.04,1060.55,944.72,888.14
Kerala,19,Luxury,6,20393.61,3177.83,8235.38,5818.02,3162.38
Rome,13,Budget,1,944.14,240.43,258.08,159.9,285.73
Bangkok,15,Luxury,5,10480.21,2350.23,3671.63,2712.49,1745.85
Goa,8,Standard,6,4210.01,1217.07,1605.14,1177.31,210.5
Prague,13,Standard,4,5948.94,1382.56,1651.9,1486.43,1428.06
Jaipur,11,Budget,5,1775.27,296.61,603.52,467.7,407.43
New York,8,Luxury,3,9592.24,1943.54,3787.76,1711.57,2149.36
Hong Kong,20,Standard,2,5542.13,1316.83,1838.59,1187.89,1198.81
Agra,13,Standard,2,1384.87,307.16,570.11,288.34,219.25
Kuala Lumpur,6,Budget,4,1050.68,314.04,294.61,178.14,263.9
Paris,6,Standard,5,5809.24,1479.22,2468.32,909.23,952.47
Bangkok,3,Standard,1,286.35,86.04,72.6,65.16,62.55
Bangalore,9,Standard,2,1375.26,226.29,561.14,251.21,336.61
Delhi,12,Standard,2,1155.93,326.4,371.18,313.64,144.71
Tokyo,9,Budget,4,3006.01,962.68,1231.55,571.37,240.41
Kerala,6,Budget,1,189.48,37.22,74.24,51.83,26.19
Berlin,11,Luxury,6,15533.41,3046.83,4788.01,4129.41,3569.17
Dubai,7,Luxury,5,8548.06,2301.25,2290.28,1714.77,2241.75
Paris,17,Standard,4,8458.74,2392.89,3313.79,1494.51,1257.54
Seoul,18,Standard,1,2243.47,674.65,908.88,547.77,112.17
Sydney,12,Budget,1,1110.63,313.45,470.88,270.77,55.53
Singapore,9,Budget,4,3308.99,793.88,1381.08,780.42,353.61
Barcelona,19,Budget,1,1270.74,263.09,519.18,363.26,125.21
Mumbai,17,Budget,2,973.97,202.05,343.1,263.95,164.87
Goa,14,Standard,3,3863.86,929.97,1730.45,611.31,592.13
Jaipur,9,Budget,5,1168.12,292.76,365.84,302.99,206.52
Amsterdam,11,Luxury,2,7003.88,1821.77,2907.85,1369.44,904.81
Paris,3,Budget,5,1263.9,307.73,388.17,371.89,196.11
Goa,13,Budget,1,466.19,80.23,137.0,102.4,146.55
Bangalore,11,Luxury,2,3099.3,975.83,1124.95,548.42,450.11
Bangkok,19,Standard,3,4483.74,789.93,1332.18,1299.73,1061.91
Hong Kong,11,Luxury,6,25687.64,6330.59,9095.09,7610.91,2651.06
Singapore,20,Standard,2,6025.62,1053.8,2665.97,1165.89,1139.96
Jaipur,17,Budget,5,2277.74,488.89,995.44,465.79,327.61
Kerala,8,Luxury,3,3139.23,838.55,1156.09,809.55,335.05
Tokyo,11,Standard,6,12872.76,2429.41,4289.94,2797.61,3355.81
Bangkok,6,Standard,2,675.28,194.46,250.18,112.16,118.48
Berlin,10,Standard,3,2961.81,819.76,783.05,848.12,510.88
Kerala,12,Luxury,1,2105.56,448.46,655.42,363.93,637.75
Vienna,11,Luxury,5,12376.83,3670.57,3926.69,2466.59,2312.98
Barcelona,8,Standard,6,5524.72,1676.46,1608.67,1095.29,1144.3
New York,12,Standard,3,8146.27,2748.0,2209.72,2250.79,937.75
New York,13,Standard,5,6893.1,2184.97,2765.35,1533.79,408.98
Rome,20,Standard,6,20473.36,5042.95,7905.04,5708.51,1816.86
Rome,5,Luxury,3,3773.36,772.85,1547.96,779.49,673.07
Bali,13,Budget,4,2778.67,536.48,856.87,488.81,896.51
Rome,14,Luxury,6,25920.39,4139.3,7570.19,6088.27,8122.64
London,15,Luxury,5,23503.52,5420.09,8927.36,5986.6,3169.47
Bangkok,15,Standard,4,4355.41,1149.25,1422.24,1147.99,635.93
Vienna,11,Standard,1,1414.04,364.17,354.84,227.46,467.57
Paris,15,Budget,6,7016.56,1679.44,1764.1,1914.89,1658.13
Goa,18,Standard,3,5380.61,1505.24,2059.25,1547.09,269.03
Kerala,3,Standard,6,1468.98,307.94,404.4,406.0,350.64
Paris,17,Budget,4,5789.53,956.0,2115.57,1426.51,1291.45
Hong Kong,14,Standard,3,6314.69,1393.75,1745.97,1583.99,1590.98
Singapore,10,Budget,1,667.39,211.56,279.31,130.46,46.06
Kuala Lumpur,10,Budget,6,1852.16,308.71,806.99,438.89,297.57
Barcelona,5,Standard,2,1147.02,251.34,429.33,178.73,287.62
Berlin,7,Budget,3,1111.2,285.26,277.85,206.89,341.2
Agra,5,Budget,1,96.82,30.13,29.62,17.3,19.77
Kuala Lumpur,18,Luxury,1,2430.72,724.36,758.25,677.72,270.39
Vienna,15,Luxury,3,12301.08,3647.76,4592.94,1850.54,2209.84
Kerala,12,Budget,4,2406.49,575.5,1004.04,456.62,370.32
Prague,14,Budget,5,4376.71,1002.1,1659.69,755.38,959.54
Hong Kong,19,Luxury,6,36132.13,11516.93,12570.85,10237.74,1806.61
Kuala Lumpur,20,Budget,1,547.65,132.0,197.8,115.33,102.52
Hong Kong,17,Luxury,4,28267.41,6784.47,8976.69,5885.69,6620.55
Tokyo,12,Luxury,3,10813.97,2750.52,2732.5,1653.64,3677.32
Mumbai,12,Luxury,5,7520.8,2086.88,2717.58,1961.01,755.34
Kuala Lumpur,15,Luxury,4,6794.27,1423.64,1743.34,1620.56,2006.73
Berlin,17,Luxury,2,8434.69,1479.62,2710.44,2014.81,2229.81
Jaipur,8,Luxury,1,1032.26,351.82,321.88,306.95,51.61
Kuala Lumpur,17,Standard,2,2506.15,861.83,989.42,455.63,199.26
New York,13,Standard,5,17031.4,4290.43,7307.22,4582.18,851.57
Barcelona,12,Luxury,5,17605.37,3072.07,6281.72,4963.3,3288.28
Paris,19,Standard,1,2914.65,626.36,1279.6,560.78,447.91
